{
	"format_version": "1.8.0",
	"animations": {
		"idle": {
			"loop": true,
			"animation_length": 2,
			"bones": {
				"body": {
					"rotation": {
						"0.0": [10, 0, 0],
						"2.0": [10, 0, 0]
					},
					"position": {
						"0.0": [0, -2, -3],
						"1.0": [0, -3, -3],
						"2.0": [0, -2, -3]
					}
				},
				"head": {
					"rotation": {
						"0.0": [-5, 0, 0],
						"1.0": [-7.5, 0, 0],
						"2.0": [-5, 0, 0]
					}
				},
				"leg1": {
					"rotation": {
						"0.0": [29.47987, 0.59175, -0.45392],
						"1.0": [39.47987, 0.59175, -0.45392],
						"2.0": [29.47987, 0.59175, -0.45392]
					},
					"position": {
						"0.0": [0, 1, -0.5],
						"1.0": [0, 1.3, -0.5],
						"2.0": [0, 1, -0.5]
					}
				},
				"leg2": {
					"rotation": {
						"0.0": [29.4799, 0, 0],
						"1.0": [39.48, 0, 0],
						"2.0": [29.4799, 0, 0]
					},
					"position": {
						"0.0": [0, 1, -0.5],
						"1.0": [0, 1.3, -0.5],
						"2.0": [0, 1, -0.5]
					}
				},
				"leg3": {
					"rotation": {
						"0.0": [-27.5, 0, 0],
						"1.0": [-55, 0, 0],
						"2.0": [-27.5, 0, 0]
					},
					"position": {
						"0.0": [0, 1, 0.4],
						"1.0": [0, 1.5, 1],
						"2.0": [0, 1, 0.4]
					}
				},
				"leg4": {
					"rotation": {
						"0.0": [-27.5, 0, 0],
						"1.0": [-55, 0, 0],
						"2.0": [-27.5, 0, 0]
					},
					"position": {
						"0.0": [0, 1, 0.4],
						"1.0": [0, 1.5, 1],
						"2.0": [0, 1, 0.4]
					}
				},
				"reap1": {
					"rotation": {
						"0.0": [35, 0, 0],
						"2.0": [35, 0, 0]
					},
					"position": {
						"0.0": [0, 3, 7],
						"2.0": [0, 3, 7]
					}
				},
				"reap4": {
					"rotation": {
						"0.0": [-90, 0, 0],
						"1.0": [-105, 0, 0],
						"2.0": [-90, 0, 0]
					},
					"position": {
						"0.0": [0, 13, -13],
						"1.0": [0, 16, -12.5],
						"2.0": [0, 13, -13]
					}
				},
				"blade1": {
					"rotation": {
						"0.0": [40, 0, 0],
						"2.0": [40, 0, 0]
					},
					"position": {
						"0.0": [0.5, 8.4, 5.2],
						"2.0": [0.5, 8.4, 5.2]
					}
				},
				"reap2": {
					"rotation": {
						"0.0": [35, 0, 0],
						"2.0": [35, 0, 0]
					},
					"position": {
						"0.0": [0, 3, 7],
						"2.0": [0, 3, 7]
					}
				},
				"reap3": {
					"rotation": {
						"0.0": [-90, 0, 0],
						"1.0": [-100, 0, 0],
						"2.0": [-90, 0, 0]
					},
					"position": {
						"0.0": [0, 13, -13],
						"1.0": [0, 15, -12.5],
						"2.0": [0, 13, -13]
					}
				},
				"blade2": {
					"rotation": {
						"0.0": [40, 0, 0],
						"2.0": [40, 0, 0]
					},
					"position": {
						"0.0": [-0.4, 8.4, 5],
						"2.0": [-0.4, 8.4, 5]
					}
				}
			}
		},
		"walk": {
			"loop": true,
			"animation_length": 1,
			"bones": {
				"body": {
					"rotation": {
						"0.0": [32.5, 0, 0],
						"1.0": [32.5, 0, 0]
					},
					"position": {
						"0.0": [0, -4, -7],
						"1.0": [0, -4, -7]
					}
				},
				"head": {
					"rotation": {
						"0.0": [-22.5, 0, 0],
						"0.5": [-17.5, 0, 0],
						"1.0": [-22.5, 0, 0]
					}
				},
				"leg1": {
					"rotation": {
						"0.0": [-22.5, 0, 0],
						"0.5": [0, 0, 0],
						"1.0": [-22.5, 0, 0]
					}
				},
				"leg2": {
					"rotation": {
						"0.0": [0, 0, 0],
						"0.5": [-22.5, 0, 0],
						"1.0": [0, 0, 0]
					}
				},
				"leg3": {
					"rotation": {
						"0.0": [-77.5, 0, 0],
						"0.5": [-55, 0, 0],
						"1.0": [-77.5, 0, 0]
					},
					"position": {
						"0.0": [0, 2, 1.5],
						"1.0": [0, 2, 1.5]
					}
				},
				"leg4": {
					"rotation": {
						"0.0": [-55, 0, 0],
						"0.5": [-77.5, 0, 0],
						"1.0": [-55, 0, 0]
					},
					"position": {
						"0.0": [0, 2, 1.5],
						"1.0": [0, 2, 1.5]
					}
				},
				"reap1": {
					"rotation": {
						"0.0": [25, 0, 0],
						"1.0": [25, 0, 0]
					},
					"position": {
						"0.0": [0, 3, 5],
						"1.0": [0, 3, 5]
					}
				},
				"reap4": {
					"rotation": {
						"0.0": [-112.5, 0, 0],
						"0.5": [-90, 0, 0],
						"1.0": [-112.5, 0, 0]
					},
					"position": {
						"0.0": [0, 18, -12],
						"0.5": [0, 13, -13],
						"1.0": [0, 18, -12]
					}
				},
				"blade1": {
					"rotation": {
						"0.0": [37.5, 0, 0],
						"0.5": [42.5, 0, 0],
						"1.0": [37.5, 0, 0]
					},
					"position": {
						"0.0": [0.5, 6, 5],
						"0.5": [0.5, 7, 6],
						"1.0": [0.5, 6, 5]
					}
				},
				"reap2": {
					"rotation": {
						"0.0": [22.5, 0, 0],
						"1.0": [22.5, 0, 0]
					},
					"position": {
						"0.0": [0, 3, 5],
						"1.0": [0, 3, 5]
					}
				},
				"reap3": {
					"rotation": {
						"0.0": [-87.5, 0, 0],
						"0.5": [-107.5, 0, 0],
						"1.0": [-87.5, 0, 0]
					},
					"position": {
						"0.0": [0, 12, -13],
						"0.5": [0, 17, -12],
						"1.0": [0, 12, -13]
					}
				},
				"blade2": {
					"rotation": {
						"0.0": [40, 0, 0],
						"0.5": [35, 0, 0],
						"1.0": [40, 0, 0]
					},
					"position": {
						"0.0": [-0.5, 6, 6],
						"0.5": [-0.5, 5, 5],
						"1.0": [-0.5, 6, 6]
					}
				}
			}
		},
		"death": {
			"animation_length": 2,
			"bones": {
				"body": {
					"rotation": {
						"0.0": [10, 0, 0],
						"0.3333": [-25, 0, 0],
						"0.5": [-25, 0, 0],
						"1.0": [-65, 0, 0],
						"1.25": [-120, 0, 0]
					},
					"position": {
						"0.0": [0, -2, -3],
						"0.3333": [0, -16, 6],
						"0.5": [0, -16, 6],
						"1.0": [0, -25, 14],
						"1.25": [0, -41, 5]
					}
				},
				"head": {
					"rotation": {
						"0.0": [-5, 0, 0],
						"0.3333": [15, 0, 0],
						"0.5": [15, 0, 0],
						"1.0": [-37.5, 0, 0]
					},
					"position": {
						"0.0": [0, 0, 0],
						"1.0": [0, 0, 0]
					}
				},
				"leg1": {
					"rotation": [29.47987, 0.59175, -0.45392],
					"position": [0, 1, -0.5]
				},
				"leg2": {
					"rotation": [29.4799, 0, 0],
					"position": [0, 1, -0.5]
				},
				"leg3": {
					"rotation": [-27.5, 0, 0],
					"position": [0, 1, 0.4]
				},
				"leg4": {
					"rotation": [-27.5, 0, 0],
					"position": [0, 1, 0.4]
				},
				"reap1": {
					"rotation": [35, 0, 0],
					"position": [0, 3, 7]
				},
				"reap4": {
					"rotation": {
						"0.0": [-90, 0, 0],
						"0.3333": [-52.5, 0, 0],
						"0.5": [-52.5, 0, 0]
					},
					"position": {
						"0.0": [0, 13, -13],
						"0.3333": [0, 5, -10],
						"0.5": [0, 5, -10]
					}
				},
				"blade1": {
					"rotation": {
						"0.0": [40, 0, 0],
						"1.0": [82.5, 0, 0]
					},
					"position": {
						"0.0": [0.5, 8.4, 5.2],
						"1.0": [0.5, 16.4, 5.2]
					}
				},
				"reap2": {
					"rotation": [35, 0, 0],
					"position": [0, 3, 7]
				},
				"reap3": {
					"rotation": {
						"0.0": [-90, 0, 0],
						"0.3333": [-52.5, 0, 0],
						"0.5": [-52.5, 0, 0]
					},
					"position": {
						"0.0": [0, 13, -13],
						"0.3333": [0, 5, -10],
						"0.5": [0, 5, -10]
					}
				},
				"blade2": {
					"rotation": {
						"0.0": [40, 0, 0],
						"1.0": [82.5, 0, 0]
					},
					"position": {
						"0.0": [-0.4, 8.4, 5],
						"1.0": [-0.4, 16.4, 5]
					}
				}
			}
		},
		"attack": {
			"animation_length": 0.625,
			"bones": {
				"body": {
					"rotation": {
						"0.0": [10, 0, 0],
						"0.625": [10, 0, 0]
					},
					"position": {
						"0.0": [0, -2, -3],
						"0.625": [0, -2, -3]
					}
				},
				"head": {
					"rotation": {
						"0.0": [-5, 0, 0],
						"0.625": [-5, 0, 0]
					}
				},
				"leg1": {
					"rotation": {
						"0.0": [29.47987, 0.59175, -0.45392],
						"0.625": [29.47987, 0.59175, -0.45392]
					},
					"position": {
						"0.0": [0, 1, -0.5],
						"0.625": [0, 1, -0.5]
					}
				},
				"leg2": {
					"rotation": {
						"0.0": [29.4799, 0, 0],
						"0.625": [29.4799, 0, 0]
					},
					"position": {
						"0.0": [0, 1, -0.5],
						"0.625": [0, 1, -0.5]
					}
				},
				"leg3": {
					"rotation": {
						"0.0": [-27.5, 0, 0],
						"0.625": [-27.5, 0, 0]
					},
					"position": {
						"0.0": [0, 1, 0.4],
						"0.625": [0, 1, 0.4]
					}
				},
				"leg4": {
					"rotation": {
						"0.0": [-27.5, 0, 0],
						"0.625": [-27.5, 0, 0]
					},